{"cameraMode":{"drawMode":0,"name":"Shaded","section":"Shading Mode"},"sceneLighting":true,"audioPlay":false,"sceneViewState":{"showFog":false,"showMaterialUpdate":false,"showSkybox":false,"showFlares":false,"showImageEffects":false,"showParticleSystems":false},"in2DMode":false,"pivot":{"x":1.0698001384735108,"y":0.11783646047115326,"z":-8.793685913085938},"rotation":{"x":-0.012790506705641747,"y":-0.12593300640583039,"z":0.0016598210204392672,"w":-0.9919890761375427},"size":3.3298232555389406,"orthographic":false}