{"cameraMode":{"drawMode":0,"name":"Shaded","section":"Shading Mode"},"sceneLighting":true,"audioPlay":false,"sceneViewState":{"showFog":true,"showMaterialUpdate":false,"showSkybox":true,"showFlares":true,"showImageEffects":true,"showParticleSystems":true},"in2DMode":false,"pivot":{"x":-7.769999980926514,"y":0.0,"z":-0.06999999284744263},"rotation":{"x":-0.20991304516792298,"y":-0.05364903062582016,"z":0.011537202633917332,"w":-0.9761837720870972},"size":2.3589982986450197,"orthographic":false}